register,aliases,cell,D,Q,CC0_D,CC1_D,CO_Q,score,rank
clk_count[1],clk_count[1],$auto$ff.cc:337:slice$242,n142,n75,4,12,11,23,1
clk_count[2],clk_count[2],$auto$ff.cc:337:slice$243,n140,n78,6,11,12,23,1
clk_count[3],clk_count[3],$auto$ff.cc:337:slice$244,n68,n64,5,11,12,23,1
bit_index[1],bit_index[1],$auto$ff.cc:337:slice$269,n133,n23,5,11,10,21,4
bit_index[0],bit_index[0],$auto$ff.cc:337:slice$268,n137,n55,6,9,11,20,5
bit_index[2],bit_index[2],$auto$ff.cc:337:slice$270,n145,n28,5,7,8,15,6
data_reg[0],data_reg[0],$auto$ff.cc:337:slice$273,n125,n35,5,7,8,15,6
data_reg[1],data_reg[1],$auto$ff.cc:337:slice$274,n120,n116,5,7,8,15,6
data_reg[2],data_reg[2],$auto$ff.cc:337:slice$275,n115,n111,5,7,8,15,6
data_reg[3],data_reg[3],$auto$ff.cc:337:slice$276,n110,n105,5,7,8,15,6
data_reg[4],data_reg[4],$auto$ff.cc:337:slice$277,n104,n100,5,7,8,15,6
data_reg[5],data_reg[5],$auto$ff.cc:337:slice$278,n99,n94,5,7,8,15,6
data_reg[6],data_reg[6],$auto$ff.cc:337:slice$279,n93,n89,5,7,8,15,6
data_reg[7],data_reg[7],$auto$ff.cc:337:slice$280,n149,n25,5,7,8,15,6
state[1],state[1],$auto$ff.cc:337:slice$339,n63,n41,9,11,3,14,15
uart_tx,uart_tx,$auto$ff.cc:337:slice$303,n52,n14,14,8,0,14,15
clk_count[0],clk_count[0],$auto$ff.cc:337:slice$241,n143,n76,3,7,6,13,17
state[0],state[0],$auto$ff.cc:337:slice$338,n86,n16,9,8,3,12,18
