node,names,role,CC0,CC1,CO
0,,INTERNAL,0,INF,7
n10,tx_data[6],PI,1,1,12
n100,data_reg[4],PPI_Q,1,1,8
n101,,INTERNAL,4,2,5
n102,,INTERNAL,8,2,5
n103,,INTERNAL,9,4,3
n104,,PPO_D,5,7,0
n105,data_reg[3],PPI_Q,1,1,8
n106,,INTERNAL,4,2,5
n107,,INTERNAL,8,2,5
n108,,INTERNAL,9,4,3
n109,,INTERNAL,2,2,5
n11,tx_data[7],PI,1,1,12
n110,,PPO_D,5,7,0
n111,data_reg[2],PPI_Q,1,1,8
n112,,INTERNAL,4,2,5
n113,,INTERNAL,8,2,5
n114,,INTERNAL,9,4,3
n115,,PPO_D,5,7,0
n116,data_reg[1],PPI_Q,1,1,8
n117,,INTERNAL,4,2,5
n118,,INTERNAL,8,2,5
n119,,INTERNAL,9,4,3
n12,tx_valid,PI,1,1,12
n120,,PPO_D,5,7,0
n121,,INTERNAL,4,2,5
n122,,INTERNAL,2,2,40
n123,,INTERNAL,8,2,5
n124,,INTERNAL,9,4,3
n125,,PPO_D,5,7,0
n126,,INTERNAL,4,5,13
n127,,INTERNAL,7,3,10
n128,,INTERNAL,12,4,5
n129,,INTERNAL,5,13,9
n13,tx_ready,PO,3,4,0
n130,,INTERNAL,2,15,7
n131,,INTERNAL,4,4,3
n132,,INTERNAL,6,6,5
n133,,PPO_D,5,11,0
n134,,INTERNAL,3,15,9
n135,,INTERNAL,5,2,7
n136,,INTERNAL,13,6,3
n137,,PPO_D,6,9,0
n138,,INTERNAL,4,2,9
n139,,INTERNAL,5,7,4
n14,uart_tx,PO|PPI_Q,1,1,0
n140,,PPO_D,6,11,0
n141,,INTERNAL,3,3,9
n142,,PPO_D,4,12,0
n143,,PPO_D,3,7,0
n144,,INTERNAL,4,2,5
n145,,PPO_D,5,7,0
n146,,INTERNAL,4,2,5
n147,,INTERNAL,8,2,5
n148,,INTERNAL,9,4,3
n149,,PPO_D,5,7,0
n15,,INTERNAL,INF,1,6
n150,,INTERNAL,2,3,45
n151,,INTERNAL,2,4,45
n152,,INTERNAL,5,4,42
n153,,INTERNAL,7,2,40
n154,,INTERNAL,6,2,40
n155,,INTERNAL,6,2,40
n156,,INTERNAL,3,5,37
n157,,INTERNAL,4,8,34
n16,state[0],PPI_Q,1,1,3
n17,,INTERNAL,2,2,14
n18,,INTERNAL,3,2,1
n19,,INTERNAL,5,2,12
n20,,INTERNAL,4,2,43
n21,,INTERNAL,3,2,43
n22,,INTERNAL,4,5,40
n23,bit_index[1],PPI_Q,1,1,10
n24,,INTERNAL,6,2,38
n25,data_reg[7],PPI_Q,1,1,8
n26,,INTERNAL,4,2,40
n27,,INTERNAL,6,2,38
n28,bit_index[2],PPI_Q,1,1,8
n29,,INTERNAL,2,4,36
n30,,INTERNAL,3,7,33
n31,,INTERNAL,5,11,31
n32,,INTERNAL,9,8,27
n33,,INTERNAL,2,4,31
n34,,INTERNAL,3,13,22
n35,data_reg[0],PPI_Q,1,1,8
n36,,INTERNAL,2,3,25
n37,,INTERNAL,2,2,21
n38,,INTERNAL,3,6,22
n39,,INTERNAL,7,7,18
n4,tx_data[0],PI,1,1,12
n40,,INTERNAL,3,6,11
n41,state[1],PPI_Q,1,1,3
n42,,INTERNAL,2,3,18
n43,,INTERNAL,4,3,22
n44,,INTERNAL,6,5,14
n45,,INTERNAL,5,9,16
n46,,INTERNAL,4,6,13
n47,,INTERNAL,7,4,14
n48,,INTERNAL,6,17,8
n49,,INTERNAL,2,6,12
n5,tx_data[1],PI,1,1,12
n50,,INTERNAL,4,7,10
n51,,INTERNAL,7,7,7
n52,,PPO_D,14,8,0
n53,,INTERNAL,6,12,8
n54,,INTERNAL,8,2,9
n55,bit_index[0],PPI_Q,1,1,11
n56,,INTERNAL,2,3,20
n57,,INTERNAL,2,6,7
n58,,INTERNAL,5,4,15
n59,,INTERNAL,7,9,10
n6,tx_data[2],PI,1,1,12
n60,,INTERNAL,6,14,5
n61,,INTERNAL,7,15,4
n62,,INTERNAL,16,8,3
n63,,PPO_D,9,11,0
n64,clk_count[3],PPI_Q,1,1,12
n65,,INTERNAL,2,5,9
n66,,INTERNAL,4,2,9
n67,,INTERNAL,5,8,3
n68,,PPO_D,5,11,0
n69,,INTERNAL,4,3,42
n7,tx_data[3],PI,1,1,12
n70,,INTERNAL,2,5,18
n71,,INTERNAL,4,2,16
n72,,INTERNAL,3,5,19
n73,,INTERNAL,2,7,17
n74,,INTERNAL,7,3,16
n75,clk_count[1],PPI_Q,1,1,11
n76,clk_count[0],PPI_Q,1,1,6
n77,,INTERNAL,2,3,11
n78,clk_count[2],PPI_Q,1,1,12
n79,,INTERNAL,6,3,8
n8,tx_data[4],PI,1,1,12
n80,,INTERNAL,2,7,9
n81,,INTERNAL,8,3,8
n82,,INTERNAL,8,2,6
n83,,INTERNAL,2,2,15
n84,,INTERNAL,11,3,5
n85,,INTERNAL,12,5,3
n86,,PPO_D,9,8,0
n87,,INTERNAL,2,2,11
n88,,INTERNAL,6,3,7
n89,data_reg[6],PPI_Q,1,1,8
n9,tx_data[5],PI,1,1,12
n90,,INTERNAL,4,2,5
n91,,INTERNAL,8,2,5
n92,,INTERNAL,9,4,3
n93,,PPO_D,5,7,0
n94,data_reg[5],PPI_Q,1,1,8
n95,,INTERNAL,4,2,5
n96,,INTERNAL,2,2,42
n97,,INTERNAL,8,2,5
n98,,INTERNAL,9,4,3
n99,,PPO_D,5,7,0
