node,role,CC0,CC1,CO
0,INTERNAL,0,INF,8
n10,PI,1,1,18
n100,SCAN_Q,1,1,13
n101,INTERNAL,6,2,33
n102,SCAN_Q,1,1,13
n103,INTERNAL,7,2,33
n104,INTERNAL,2,2,33
n105,INTERNAL,3,5,30
n106,INTERNAL,4,8,27
n107,INTERNAL,5,11,24
n108,INTERNAL,2,3,36
n109,SCAN_Q,1,1,12
n11,PI,1,1,18
n110,INTERNAL,2,5,11
n111,SCAN_Q,1,1,13
n112,INTERNAL,2,4,36
n113,INTERNAL,5,4,33
n114,INTERNAL,7,2,31
n115,INTERNAL,6,2,31
n116,SCAN_Q,1,1,15
n117,INTERNAL,2,4,29
n118,INTERNAL,3,7,26
n119,INTERNAL,3,3,21
n12,PI,1,1,17
n120,INTERNAL,7,4,22
n121,INTERNAL,13,5,16
n122,INTERNAL,2,2,22
n123,INTERNAL,2,7,14
n124,INTERNAL,3,10,18
n125,INTERNAL,8,3,13
n126,INTERNAL,10,2,19
n127,INTERNAL,4,4,9
n128,INTERNAL,8,5,15
n129,INTERNAL,9,8,13
n130,INTERNAL,8,8,13
n131,INTERNAL,2,2,15
n132,INTERNAL,4,2,26
n133,INTERNAL,6,4,24
n134,INTERNAL,5,7,21
n135,INTERNAL,7,2,19
n136,INTERNAL,8,11,10
n137,INTERNAL,9,17,4
n138,INTERNAL,2,10,11
n139,INTERNAL,3,11,10
n14,PI,1,1,INF
n140,SCAN_D,13,12,0
n141,INTERNAL,5,9,4
n142,INTERNAL,2,3,16
n143,INTERNAL,1,INF,17
n144,INTERNAL,4,4,14
n145,INTERNAL,4,13,5
n146,INTERNAL,2,7,7
n147,INTERNAL,7,8,2
n148,SCAN_D,8,10,0
n149,INTERNAL,1,INF,8
n15,PO,3,4,0
n150,INTERNAL,7,10,2
n151,SCAN_D,8,12,0
n152,INTERNAL,2,2,16
n153,INTERNAL,3,4,14
n154,INTERNAL,2,2,16
n155,INTERNAL,2,3,13
n156,INTERNAL,3,3,14
n157,INTERNAL,2,2,9
n158,INTERNAL,2,3,16
n159,INTERNAL,1,INF,17
n16,PO|SCAN_Q,1,1,0
n160,INTERNAL,4,4,14
n161,INTERNAL,4,13,5
n162,INTERNAL,2,7,7
n163,INTERNAL,7,8,2
n164,SCAN_D,8,10,0
n165,INTERNAL,4,6,6
n166,INTERNAL,5,7,5
n167,INTERNAL,2,3,12
n168,INTERNAL,4,2,10
n169,INTERNAL,5,4,8
n17,INTERNAL,INF,1,9
n170,SCAN_D,6,12,0
n171,INTERNAL,2,3,16
n172,INTERNAL,1,INF,17
n173,INTERNAL,4,4,14
n174,INTERNAL,4,13,5
n175,INTERNAL,2,7,7
n176,INTERNAL,7,8,2
n177,SCAN_D,8,10,0
n178,INTERNAL,3,7,4
n179,INTERNAL,1,INF,6
n18,INTERNAL,INF,1,10
n180,INTERNAL,5,8,2
n181,SCAN_D,6,10,0
n182,SCAN_Q,1,1,12
n183,INTERNAL,3,7,9
n184,INTERNAL,5,2,19
n185,INTERNAL,8,3,16
n186,INTERNAL,6,3,21
n187,INTERNAL,2,3,29
n188,INTERNAL,2,5,27
n189,INTERNAL,8,3,28
n19,SCAN_Q,1,1,3
n190,INTERNAL,4,10,23
n191,INTERNAL,8,3,21
n192,INTERNAL,7,7,17
n193,INTERNAL,INF,2,22
n194,INTERNAL,5,15,9
n195,INTERNAL,6,18,6
n196,INTERNAL,10,8,2
n197,SCAN_D,11,10,0
n198,INTERNAL,2,3,16
n199,INTERNAL,1,INF,17
n20,SCAN_Q,1,1,3
n200,INTERNAL,4,4,14
n201,INTERNAL,4,13,5
n202,INTERNAL,2,7,7
n203,INTERNAL,7,8,2
n204,SCAN_D,8,10,0
n205,INTERNAL,3,12,20
n206,INTERNAL,14,3,22
n207,INTERNAL,4,2,31
n208,INTERNAL,5,13,20
n209,INTERNAL,1,INF,24
n21,INTERNAL,3,2,1
n210,INTERNAL,7,14,18
n211,INTERNAL,20,7,5
n212,INTERNAL,6,2,10
n213,INTERNAL,7,4,8
n214,SCAN_D,8,12,0
n215,INTERNAL,1,INF,8
n216,INTERNAL,4,4,9
n217,INTERNAL,5,9,4
n218,INTERNAL,7,10,2
n219,SCAN_D,8,12,0
n22,INTERNAL,2,3,16
n23,SCAN_Q,1,1,13
n24,INTERNAL,1,INF,17
n25,INTERNAL,4,4,14
n26,INTERNAL,3,8,10
n27,INTERNAL,4,13,5
n28,SCAN_Q,1,1,13
n29,INTERNAL,8,5,9
n30,INTERNAL,2,7,7
n31,INTERNAL,7,8,2
n32,SCAN_D,8,10,0
n33,SCAN_Q,1,1,15
n34,INTERNAL,5,11,14
n35,INTERNAL,2,13,12
n36,SCAN_Q,1,1,13
n37,INTERNAL,4,2,10
n38,INTERNAL,3,6,23
n39,INTERNAL,5,3,27
n4,PI,1,1,18
n40,INTERNAL,4,10,20
n41,INTERNAL,1,INF,23
n42,INTERNAL,6,11,18
n43,INTERNAL,12,6,11
n44,INTERNAL,19,7,5
n45,INTERNAL,20,9,3
n46,SCAN_D,5,12,0
n47,INTERNAL,6,4,11
n48,INTERNAL,2,6,9
n49,INTERNAL,2,3,9
n5,PI,1,1,18
n50,INTERNAL,3,10,7
n51,INTERNAL,5,4,6
n52,INTERNAL,4,11,6
n53,INTERNAL,12,5,5
n54,INTERNAL,4,4,7
n55,SCAN_D,6,10,0
n56,INTERNAL,2,3,16
n57,SCAN_Q,1,1,13
n58,INTERNAL,1,INF,17
n59,INTERNAL,4,4,14
n6,PI,1,1,18
n60,INTERNAL,4,13,5
n61,INTERNAL,2,7,7
n62,INTERNAL,7,8,2
n63,SCAN_D,8,10,0
n64,INTERNAL,2,3,16
n65,INTERNAL,1,INF,17
n66,INTERNAL,5,5,13
n67,INTERNAL,4,4,14
n68,INTERNAL,4,13,5
n69,INTERNAL,2,7,7
n7,PI,1,1,18
n70,INTERNAL,7,8,2
n71,SCAN_D,8,10,0
n72,INTERNAL,2,2,27
n73,INTERNAL,3,9,20
n74,SCAN_Q,1,1,13
n75,INTERNAL,1,INF,22
n76,INTERNAL,5,10,18
n77,INTERNAL,18,7,5
n78,INTERNAL,4,7,12
n79,INTERNAL,6,2,10
n8,PI,1,1,18
n80,SCAN_Q,1,1,12
n81,SCAN_Q,1,1,10
n82,INTERNAL,2,3,10
n83,INTERNAL,7,4,8
n84,SCAN_D,8,12,0
n85,INTERNAL,2,3,16
n86,SCAN_Q,1,1,13
n87,INTERNAL,1,INF,17
n88,INTERNAL,4,4,14
n89,INTERNAL,4,13,5
n9,PI,1,1,18
n90,INTERNAL,2,7,7
n91,INTERNAL,7,8,2
n92,SCAN_D,8,10,0
n93,INTERNAL,2,3,38
n94,INTERNAL,4,3,9
n95,INTERNAL,2,4,38
n96,INTERNAL,5,4,35
n97,INTERNAL,7,2,33
n98,INTERNAL,2,2,30
n99,INTERNAL,4,2,33
